month,observation_date,spot,strike,expiration_30,expiration_60,expiration_90,expiration_120,actual_dte_30,actual_dte_60,actual_dte_90,actual_dte_120,n_quotes,lower,upper,width,lower_over_spot,upper_over_spot,width_over_spot,width_pct_spot,n_x,n_integral,runtime_seconds,max_equality_residual_lower,max_equality_residual_upper,max_inequality_violation_lower,max_inequality_violation_upper,terminal_discount,terminal_carry,status
2026-01,2026-01-30,6939.0298,6939.0298,2026-03-02,2026-03-31,2026-04-30,2026-05-29,31,60,90,119,480,130.64721794390377,166.3468438045529,35.69962586064912,0.018827879647368536,0.023972637184027208,0.005144757536658672,0.5144757536658673,52,21,115.5514579579467,7.840248334818709e-15,8.964127116054358e-13,3.694822225952521e-13,5.400124791776761e-13,0.9873130980310373,1.0094412033376805,success
2026-02,2026-02-27,6878.8799,6878.8799,2026-03-30,2026-04-30,2026-05-29,2026-06-30,31,62,91,123,480,146.30775457594044,179.51322185547332,33.20546727953288,0.02126912472711443,0.02609628667240917,0.004827161945294739,0.48271619452947395,52,21,23.851045500021428,3.116592078074589e-14,3.775663757514426e-14,5.684341886080802e-14,1.1368683772161603e-13,0.9874553595510449,1.0092391303346955,success
2026-03,2026-03-10,6781.48,6781.48,2026-04-09,2026-05-15,2026-05-29,2026-06-30,30,66,80,112,480,168.5781673424748,203.60067345574743,35.02250611327261,0.0248586101179204,0.03002304415197677,0.005164434034056373,0.5164434034056373,52,21,44.97066341701429,3.650929087659821e-12,9.042180079048332e-14,8.611777957412414e-12,8.526512829121202e-14,0.9856620934668022,1.0096837834513022,success
2026-04,2026-04-28,7138.7998,7138.7998,2026-05-28,2026-06-30,2026-07-31,2026-08-21,30,63,94,115,480,139.635880782097,175.9101239288278,36.27424314673081,0.019560134013296884,0.02464141436335388,0.005081280350056996,0.5081280350056996,52,21,23.650293957907706,5.414615504487948e-14,2.843558721821182e-14,5.684341886080802e-14,4.263256414560601e-13,0.9871996927885531,1.0098437185496922,success
2026-05,2026-05-29,7580.0601,7580.0601,2026-06-29,2026-07-31,2026-08-31,2026-09-30,31,63,94,124,480,140.70633985175934,182.26672936735585,41.56038951559651,0.018562694489949932,0.024045552009192627,0.005482857519242692,0.5482857519242692,52,21,25.37569708295632,4.016106566770976e-14,5.745172974854194e-13,2.2737367544323206e-13,1.1368683772161603e-13,0.985980590857104,1.0112926737282735,success
2026-06,2026-06-30,7499.2202,7499.2202,2026-07-30,2026-08-28,2026-09-30,2026-10-30,30,59,92,122,480,141.6284410500977,180.90217032577735,39.27372927567964,0.018885755754991393,0.024122797504436175,0.005237041749444781,0.5237041749444782,52,21,126.95882770908065,3.091127353271676e-13,6.706308691588248e-13,7.958078640513122e-13,5.684341886080802e-14,0.9845344004565775,1.011305615422686,success
2026-07,2026-07-10,7575.3901,7575.3901,2026-08-10,2026-09-04,2026-09-30,2026-10-30,31,56,82,112,480,128.85198017214375,166.72150901306958,37.869528840925824,0.01700928644877889,0.02200830674225867,0.004999020293479781,0.49990202934797806,52,21,121.39810729201417,1.0226424115577813e-13,3.2995511458301685e-14,1.1368683772161603e-13,1.1368683772161603e-13,0.9868287377643106,1.0106141784959426,success
2026-08,2026-08-28,7711.7598,7711.7598,2026-09-28,2026-10-30,2026-11-30,2026-12-31,31,63,94,125,480,133.6988949746858,172.53656083071624,38.83766585603044,0.017337014954055728,0.02237317620171679,0.005036161247661064,0.5036161247661064,52,21,23.12072779191658,2.969146062794e-14,1.3005847085749872e-12,8.526512829121202e-14,4.263256414560601e-14,0.984716494022597,1.0116855345612916,success
2026-09,2026-09-25,7743.4102,7743.4102,2026-10-26,2026-11-20,2026-12-18,2027-01-29,31,56,84,126,480,140.53317288807767,180.560148791032,40.02697590295432,0.01814874444958084,0.023317910859356514,0.005169166409775672,0.5169166409775672,52,21,184.99673250003252,5.5848778521169094e-14,1.5532110984202267e-13,1.9895196601282805e-13,1.1368683772161603e-13,0.9839926917201004,1.0135145703770052,success
